Flight_No,Serial_Number,Orbit,Payload_Mass,Launchoutcome,Landing,Longitude,Latitude,Reused,FlightCount,GridFins,Legs,Day,Month,Year,"Launchsite_Cape Canaveral, SLC-40","Launchsite_Kennedy, LC-39A","Launchsite_Vandenberg, SLC-4E",Block_B4,Block_B5,Block_FT,Block_v1.0,Block_v1.1,Booster_Version_F9 B4,Booster_Version_F9 B5,Booster_Version_F9 FT,Booster_Version_F9 v1.0,Booster_Version_F9 v1.1
3,0,5,525,1,0,-80.577366,28.561857,0,1,0,0,1,5,2012,1,0,0,0,0,0,1,0,0,0,0,1,0
5,2,5,4877,1,0,-80.577366,28.561857,0,1,0,0,4,3,2013,1,0,0,0,0,0,1,0,0,0,0,1,0
6,3,9,500,1,0,-120.610829,34.632093,0,1,0,0,6,9,2013,0,0,1,0,0,0,0,1,0,0,0,0,1
7,4,2,3170,1,0,-80.577366,28.561857,0,1,0,0,1,12,2013,1,0,0,0,0,0,0,1,0,0,0,0,1
8,5,2,3325,1,0,-80.577366,28.561857,0,1,0,0,0,1,2014,1,0,0,0,0,0,0,1,0,0,0,0,1
9,6,5,2296,1,0,-80.577366,28.561857,0,1,0,1,4,4,2014,1,0,0,0,0,0,0,1,0,0,0,0,1
10,7,5,1316,1,0,-80.577366,28.561857,0,1,0,1,0,7,2014,1,0,0,0,0,0,0,1,0,0,0,0,1
11,8,2,4535,1,0,-80.577366,28.561857,0,1,0,0,1,8,2014,1,0,0,0,0,0,0,1,0,0,0,0,1
12,10,2,4428,1,0,-80.577366,28.561857,0,1,0,0,6,9,2014,1,0,0,0,0,0,0,1,0,0,0,0,1
13,9,5,2216,1,0,-80.577366,28.561857,0,1,0,0,6,9,2014,1,0,0,0,0,0,0,1,0,0,0,0,1
14,11,5,2395,1,0,-80.577366,28.561857,0,1,1,1,5,1,2015,1,0,0,0,0,0,0,1,0,0,0,0,1
15,12,13,570,1,0,-80.577366,28.561857,0,1,1,1,2,2,2015,1,0,0,0,0,0,0,1,0,0,0,0,1
17,14,5,1898,1,0,-80.577366,28.561857,0,1,1,1,1,4,2015,1,0,0,0,0,0,0,1,0,0,0,0,1
18,15,2,4707,1,0,-80.577366,28.561857,0,1,0,0,0,4,2015,1,0,0,0,0,0,0,1,0,0,0,0,1
19,17,5,1952,0,0,-80.577366,28.561857,0,1,1,1,6,6,2015,1,0,0,0,0,0,0,1,0,0,0,0,1
20,18,5,2034,1,1,-80.577366,28.561857,0,1,1,1,1,12,2015,1,0,0,0,0,1,0,0,0,0,1,0,0
21,16,5,553,1,0,-120.610829,34.632093,0,1,1,1,6,1,2016,0,0,1,0,0,0,0,1,0,0,0,0,1
22,19,2,5271,1,0,-80.577366,28.561857,0,1,1,1,4,3,2016,1,0,0,0,0,1,0,0,0,0,1,0,0
23,20,5,3136,1,1,-80.577366,28.561857,0,1,1,1,4,4,2016,1,0,0,0,0,1,0,0,0,0,1,0,0
24,21,2,4696,1,1,-80.577366,28.561857,0,1,1,1,4,5,2016,1,0,0,0,0,1,0,0,0,0,1,0,0
25,22,2,3100,1,1,-80.577366,28.561857,0,1,1,1,4,5,2016,1,0,0,0,0,1,0,0,0,0,1,0,0
27,24,5,2257,1,1,-80.577366,28.561857,0,1,1,1,0,7,2016,1,0,0,0,0,1,0,0,0,0,1,0,0
28,25,2,4600,1,1,-80.577366,28.561857,0,1,1,1,6,8,2016,1,0,0,0,0,1,0,0,0,0,1,0,0
29,26,8,9600,1,1,-120.610829,34.632093,0,1,1,1,5,1,2017,0,0,1,0,0,1,0,0,0,0,1,0,0
30,28,5,2490,1,1,-80.603956,28.608058,0,1,1,1,6,2,2017,0,1,0,0,0,1,0,0,0,0,1,0,0
31,27,2,5600,1,0,-80.603956,28.608058,0,1,0,0,3,3,2017,0,1,0,0,0,1,0,0,0,0,1,0,0
32,20,2,5300,1,1,-80.603956,28.608058,0,2,1,1,3,3,2017,0,1,0,0,0,1,0,0,0,0,1,0,0
34,30,2,6070,1,0,-80.603956,28.608058,0,1,0,0,0,5,2017,0,1,0,0,0,1,0,0,0,0,1,0,0
35,31,5,2708,1,1,-80.603956,28.608058,0,1,1,1,5,6,2017,0,1,0,0,0,1,0,0,0,0,1,0,0
36,26,2,3669,1,1,-80.603956,28.608058,0,2,1,1,4,6,2017,0,1,0,0,0,1,0,0,0,0,1,0,0
37,32,5,9600,1,1,-120.610829,34.632093,0,1,1,1,6,6,2017,0,0,1,0,0,1,0,0,0,0,1,0,0
38,33,2,6761,1,0,-80.603956,28.608058,0,1,0,0,2,7,2017,0,1,0,0,0,1,0,0,0,0,1,0,0
39,35,5,3310,1,1,-80.603956,28.608058,0,1,1,1,0,8,2017,0,1,0,1,0,0,0,0,1,0,0,0,0
40,34,11,475,1,1,-120.610829,34.632093,0,1,1,1,3,8,2017,0,0,1,0,0,1,0,0,0,0,1,0,0
41,36,5,4990,1,1,-80.603956,28.608058,0,1,1,1,3,9,2017,0,1,0,1,0,0,0,0,1,0,0,0,0
42,37,8,9600,1,1,-120.610829,34.632093,0,1,1,1,0,10,2017,0,0,1,1,0,0,0,0,1,0,0,0,0
43,28,2,5400,1,1,-80.603956,28.608058,0,2,1,1,2,10,2017,0,1,0,0,0,1,0,0,0,0,1,0,0
44,38,2,3500,1,1,-80.603956,28.608058,0,1,1,1,0,10,2017,0,1,0,1,0,0,0,0,1,0,0,0,0
45,31,5,2205,1,1,-80.577366,28.561857,0,2,1,1,4,12,2017,1,0,0,0,0,1,0,0,0,0,1,0,0
46,32,8,9600,1,0,-120.610829,34.632093,0,2,1,0,5,12,2017,0,0,1,0,0,1,0,0,0,0,1,0,0
48,29,2,4230,1,0,-80.577366,28.561857,0,2,1,1,2,1,2018,1,0,0,0,0,1,0,0,0,0,1,0,0
50,40,2,6092,1,0,-80.577366,28.561857,0,1,1,1,1,3,2018,1,0,0,1,0,0,0,0,1,0,0,0,0
51,37,8,9600,1,0,-120.610829,34.632093,0,2,1,1,4,3,2018,0,0,1,1,0,0,0,0,1,0,0,0,0
52,35,5,2647,1,0,-80.577366,28.561857,0,2,1,1,0,4,2018,1,0,0,1,0,0,0,0,1,0,0,0,0
53,41,3,362,1,1,-80.577366,28.561857,0,1,1,1,2,4,2018,1,0,0,1,0,0,0,0,1,0,0,0,0
54,42,2,3600,1,1,-80.603956,28.608058,0,1,1,1,4,5,2018,0,1,0,0,1,0,0,0,0,1,0,0,0
56,36,2,5384,1,0,-80.577366,28.561857,0,2,0,0,0,6,2018,1,0,0,1,0,0,0,0,1,0,0,0,0
57,41,5,2697,1,0,-80.577366,28.561857,0,2,0,0,4,6,2018,1,0,0,1,0,0,0,0,1,0,0,0,0
58,43,2,7075,1,1,-80.577366,28.561857,0,1,1,1,6,7,2018,1,0,0,0,1,0,0,0,0,1,0,0,0
59,44,8,9600,1,1,-120.610829,34.632093,0,1,1,1,2,7,2018,0,0,1,0,1,0,0,0,0,1,0,0,0
60,42,2,5800,1,1,-80.577366,28.561857,0,2,1,1,1,8,2018,1,0,0,0,1,0,0,0,0,1,0,0,0
61,45,2,7060,1,1,-80.577366,28.561857,0,1,1,1,0,9,2018,1,0,0,0,1,0,0,0,0,1,0,0,0
62,44,11,3000,1,1,-120.610829,34.632093,0,2,1,1,0,10,2018,0,0,1,0,1,0,0,0,0,1,0,0,0
63,43,2,5300,1,1,-80.603956,28.608058,0,2,1,1,3,11,2018,0,1,0,0,1,0,0,0,0,1,0,0,0
64,42,11,4000,1,1,-120.610829,34.632093,0,3,1,1,0,12,2018,0,0,1,0,1,0,0,0,0,1,0,0,0
65,46,5,2500,1,0,-80.577366,28.561857,0,1,1,1,2,12,2018,1,0,0,0,1,0,0,0,0,1,0,0,0
66,49,6,4400,1,0,-80.577366,28.561857,0,1,0,0,6,12,2018,1,0,0,0,1,0,0,0,0,1,0,0,0
67,45,8,9600,1,1,-120.610829,34.632093,0,2,1,1,4,1,2019,0,0,1,0,1,0,0,0,0,1,0,0,0
69,47,5,12055,1,1,-80.603956,28.608058,0,1,1,1,5,3,2019,0,1,0,0,1,0,0,0,0,1,0,0,0
70,50,5,2495,1,1,-80.577366,28.561857,0,1,1,1,5,5,2019,1,0,0,0,1,0,0,0,0,1,0,0,0
71,45,5,13620,1,1,-80.577366,28.561857,0,2,1,1,4,5,2019,1,0,0,0,1,0,0,0,0,1,0,0,0
72,47,11,4200,1,1,-120.610829,34.632093,0,2,1,1,2,6,2019,0,0,1,0,1,0,0,0,0,1,0,0,0
73,50,5,2268,1,1,-80.577366,28.561857,0,2,1,1,3,7,2019,1,0,0,0,1,0,0,0,0,1,0,0,0
74,43,2,6500,1,0,-80.577366,28.561857,0,2,0,0,1,8,2019,1,0,0,0,1,0,0,0,0,1,0,0,0
75,44,5,15600,1,1,-80.577366,28.561857,0,4,1,1,0,11,2019,1,0,0,0,1,0,0,0,0,1,0,0,0
76,52,5,2617,1,1,-80.577366,28.561857,0,1,1,1,3,12,2019,1,0,0,0,1,0,0,0,0,1,0,0,0
77,50,2,6956,1,1,-80.577366,28.561857,0,2,1,1,1,12,2019,1,0,0,0,1,0,0,0,0,1,0,0,0
78,45,5,15600,1,1,-80.577366,28.561857,0,4,1,1,1,1,2020,1,0,0,0,1,0,0,0,0,1,0,0,0
79,42,12,12050,0,0,-80.603956,28.608058,0,4,0,0,6,1,2020,0,1,0,0,1,0,0,0,0,1,0,0,0
80,47,5,15600,1,1,-80.577366,28.561857,0,3,1,1,2,1,2020,1,0,0,0,1,0,0,0,0,1,0,0,0
81,50,5,15600,1,0,-80.577366,28.561857,0,4,1,1,0,2,2020,1,0,0,0,1,0,0,0,0,1,0,0,0
82,52,5,1977,1,1,-80.577366,28.561857,0,2,1,1,5,3,2020,1,0,0,0,1,0,0,0,0,1,0,0,0
83,44,5,15600,1,0,-80.603956,28.608058,0,5,1,1,2,3,2020,0,1,0,0,1,0,0,0,0,1,0,0,0
84,47,5,15600,1,1,-80.603956,28.608058,0,4,1,1,2,4,2020,0,1,0,0,1,0,0,0,0,1,0,0,0
85,51,5,12530,1,1,-80.603956,28.608058,0,1,1,1,5,5,2020,0,1,0,0,1,0,0,0,0,1,0,0,0
86,45,5,15600,1,1,-80.577366,28.561857,0,5,1,1,3,6,2020,1,0,0,0,1,0,0,0,0,1,0,0,0
87,52,5,15410,1,1,-80.577366,28.561857,0,3,1,1,5,6,2020,1,0,0,0,1,0,0,0,0,1,0,0,0
88,53,6,4311,1,1,-80.577366,28.561857,0,1,1,1,1,6,2020,1,0,0,0,1,0,0,0,0,1,0,0,0
91,45,5,15440,1,1,-80.577366,28.561857,0,6,1,1,1,8,2020,1,0,0,0,1,0,0,0,0,1,0,0,0
92,52,11,3130,1,1,-80.577366,28.561857,0,4,1,1,6,8,2020,1,0,0,0,1,0,0,0,0,1,0,0,0
93,53,5,15600,1,1,-80.603956,28.608058,0,2,1,1,3,9,2020,0,1,0,0,1,0,0,0,0,1,0,0,0
94,51,5,15600,1,1,-80.603956,28.608058,0,3,1,1,1,10,2020,0,1,0,0,1,0,0,0,0,1,0,0,0
95,47,5,15600,1,1,-80.603956,28.608058,0,6,1,1,6,10,2020,0,1,0,0,1,0,0,0,0,1,0,0,0
96,53,5,15600,1,1,-80.577366,28.561857,0,3,1,1,5,10,2020,1,0,0,0,1,0,0,0,0,1,0,0,0
97,55,6,4311,1,1,-80.577366,28.561857,0,1,1,1,3,11,2020,1,0,0,0,1,0,0,0,0,1,0,0,0
4,1,5,4700,1,0,-80.577366,28.561857,0,1,0,0,0,10,2012,1,0,0,0,0,0,1,0,0,0,0,1,0
16,13,2,4159,1,0,-80.577366,28.561857,0,1,0,0,0,3,2015,1,0,0,0,0,0,0,1,0,0,0,0,1
26,23,2,3600,1,0,-80.577366,28.561857,0,1,1,1,2,6,2016,1,0,0,0,0,1,0,0,0,0,1,0,0
49,34,11,2150,1,0,-120.610829,34.632093,0,2,1,1,3,2,2018,0,0,1,0,0,1,0,0,0,0,1,0,0
55,39,8,6460,1,0,-120.610829,34.632093,0,2,1,1,1,5,2018,0,0,1,1,0,0,0,0,1,0,0,0,0
68,44,2,4850,1,1,-80.577366,28.561857,0,3,1,1,4,2,2019,1,0,0,0,1,0,0,0,0,1,0,0,0
90,47,5,5500,1,1,-80.603956,28.608058,0,5,1,1,4,8,2020,0,1,0,0,1,0,0,0,0,1,0,0,0
98,54,5,12500,1,1,-80.603956,28.608058,0,1,1,1,0,11,2020,0,1,0,0,1,0,0,0,0,1,0,0,0
99,56,5,1192,1,1,-120.610829,34.632093,0,1,1,1,5,11,2020,0,0,1,0,1,0,0,0,0,1,0,0,0
100,45,5,15600,1,1,-80.577366,28.561857,0,7,1,1,2,11,2020,1,0,0,0,1,0,0,0,0,1,0,0,0
101,51,5,2972,1,1,-80.603956,28.608058,0,4,1,1,6,12,2020,0,1,0,0,1,0,0,0,0,1,0,0,0
102,47,2,7000,1,1,-80.577366,28.561857,0,7,1,1,6,12,2020,1,0,0,0,1,0,0,0,0,1,0,0,0
104,53,2,3500,1,1,-80.577366,28.561857,0,4,1,1,4,1,2021,1,0,0,0,1,0,0,0,0,1,0,0,0
105,47,5,15600,1,1,-80.603956,28.608058,0,8,1,1,2,1,2021,0,1,0,0,1,0,0,0,0,1,0,0,0
106,51,11,5000,1,1,-80.577366,28.561857,0,5,1,1,6,1,2021,1,0,0,0,1,0,0,0,0,1,0,0,0
107,53,5,15600,1,1,-80.577366,28.561857,0,5,1,1,3,2,2021,1,0,0,0,1,0,0,0,0,1,0,0,0
108,52,5,15600,1,0,-80.577366,28.561857,0,6,1,1,1,2,2021,1,0,0,0,1,0,0,0,0,1,0,0,0
109,45,5,15600,1,1,-80.603956,28.608058,0,8,1,1,3,3,2021,0,1,0,0,1,0,0,0,0,1,0,0,0
110,51,5,15600,1,1,-80.577366,28.561857,0,6,1,1,3,3,2021,1,0,0,0,1,0,0,0,0,1,0,0,0
111,47,5,15600,1,1,-80.603956,28.608058,0,9,1,1,6,3,2021,0,1,0,0,1,0,0,0,0,1,0,0,0
112,53,5,15600,1,1,-80.577366,28.561857,0,6,1,1,2,3,2021,1,0,0,0,1,0,0,0,0,1,0,0,0
113,51,5,15600,1,1,-80.577366,28.561857,0,7,1,1,2,4,2021,1,0,0,0,1,0,0,0,0,1,0,0,0
114,54,5,13000,1,1,-80.603956,28.608058,0,2,1,1,4,4,2021,0,1,0,0,1,0,0,0,0,1,0,0,0
115,53,5,15600,1,1,-80.577366,28.561857,0,7,1,1,3,4,2021,1,0,0,0,1,0,0,0,0,1,0,0,0
116,45,5,15600,1,1,-80.603956,28.608058,0,9,1,1,1,5,2021,0,1,0,0,1,0,0,0,0,1,0,0,0
117,47,5,15600,1,1,-80.577366,28.561857,0,10,1,1,6,5,2021,1,0,0,0,1,0,0,0,0,1,0,0,0
118,51,5,15440,1,1,-80.603956,28.608058,0,8,1,1,5,5,2021,0,1,0,0,1,0,0,0,0,1,0,0,0
119,56,5,15600,1,1,-80.577366,28.561857,0,2,1,1,2,5,2021,1,0,0,0,1,0,0,0,0,1,0,0,0
120,57,5,3328,1,1,-80.603956,28.608058,0,1,1,1,3,6,2021,0,1,0,0,1,0,0,0,0,1,0,0,0
121,54,2,7000,1,1,-80.577366,28.561857,0,3,1,1,6,6,2021,1,0,0,0,1,0,0,0,0,1,0,0,0
122,55,6,4331,1,1,-80.577366,28.561857,0,2,1,1,3,6,2021,1,0,0,0,1,0,0,0,0,1,0,0,0
124,54,5,2200,1,1,-80.603956,28.608058,0,4,1,1,6,8,2021,0,1,0,0,1,0,0,0,0,1,0,0,0
125,45,5,13260,1,1,-120.610829,34.632093,0,10,1,1,1,9,2021,0,0,1,0,1,0,0,0,0,1,0,0,0
126,55,5,12519,1,1,-80.603956,28.608058,0,3,1,1,3,9,2021,0,1,0,0,1,0,0,0,0,1,0,0,0
127,57,5,13000,1,1,-80.603956,28.608058,0,2,1,1,3,11,2021,0,1,0,0,1,0,0,0,0,1,0,0,0
128,51,5,15635,1,1,-80.577366,28.561857,0,9,1,1,5,11,2021,1,0,0,0,1,0,0,0,0,1,0,0,0
129,56,4,624,1,1,-120.610829,34.632093,0,3,1,1,2,11,2021,0,0,1,0,1,0,0,0,0,1,0,0,0
130,53,5,14500,1,1,-80.577366,28.561857,0,9,1,1,3,12,2021,1,0,0,0,1,0,0,0,0,1,0,0,0
131,54,5,325,1,1,-80.603956,28.608058,0,5,1,1,3,12,2021,0,1,0,0,1,0,0,0,0,1,0,0,0
132,47,5,15600,1,1,-120.610829,34.632093,0,11,1,1,5,12,2021,0,0,1,0,1,0,0,0,0,1,0,0,0
133,57,2,4500,1,1,-80.577366,28.561857,0,3,1,1,6,12,2021,1,0,0,0,1,0,0,0,0,1,0,0,0
134,58,5,2989,1,1,-80.603956,28.608058,0,1,1,1,1,12,2021,0,1,0,0,1,0,0,0,0,1,0,0,0
135,55,5,14500,1,1,-80.603956,28.608058,0,4,1,1,3,1,2022,0,1,0,0,1,0,0,0,0,1,0,0,0
137,53,5,14500,1,1,-80.603956,28.608058,0,10,1,1,2,1,2022,0,1,0,0,1,0,0,0,0,1,0,0,0
138,48,11,2205,1,1,-80.577366,28.561857,0,3,1,1,0,1,2022,1,0,0,0,1,0,0,0,0,1,0,0,0
140,54,5,14500,1,1,-80.603956,28.608058,0,6,1,1,3,2,2022,0,1,0,0,1,0,0,0,0,1,0,0,0
141,51,5,13600,1,1,-80.577366,28.561857,0,11,1,1,0,2,2022,1,0,0,0,1,0,0,0,0,1,0,0,0
142,56,5,14750,1,1,-120.610829,34.632093,0,4,1,1,4,2,2022,0,0,1,0,1,0,0,0,0,1,0,0,0
143,53,5,13900,1,1,-80.603956,28.608058,0,11,1,1,3,3,2022,0,1,0,0,1,0,0,0,0,1,0,0,0
144,48,5,14160,1,1,-80.577366,28.561857,0,4,1,1,2,3,2022,1,0,0,0,1,0,0,0,0,1,0,0,0
145,47,5,16250,1,1,-80.577366,28.561857,0,12,1,1,5,3,2022,1,0,0,0,1,0,0,0,0,1,0,0,0
147,55,5,13000,1,1,-80.603956,28.608058,0,5,1,1,4,4,2022,0,1,0,0,1,0,0,0,0,1,0,0,0
149,53,5,16250,1,1,-80.577366,28.561857,0,12,1,1,3,4,2022,1,0,0,0,1,0,0,0,0,1,0,0,0
150,57,5,13000,1,1,-80.603956,28.608058,0,4,1,1,2,4,2022,0,1,0,0,1,0,0,0,0,1,0,0,0
151,55,5,16250,1,1,-80.577366,28.561857,0,6,1,1,4,4,2022,1,0,0,0,1,0,0,0,0,1,0,0,0
152,51,5,16250,1,1,-80.603956,28.608058,0,12,1,1,4,5,2022,0,1,0,0,1,0,0,0,0,1,0,0,0
153,56,5,16250,1,1,-120.610829,34.632093,0,5,1,1,4,5,2022,0,0,1,0,1,0,0,0,0,1,0,0,0
154,60,5,16250,1,1,-80.577366,28.561857,0,1,1,1,5,5,2022,1,0,0,0,1,0,0,0,0,1,0,0,0
155,48,5,16250,1,1,-80.603956,28.608058,0,5,1,1,2,5,2022,0,1,0,0,1,0,0,0,0,1,0,0,0
157,55,2,4100,1,1,-80.577366,28.561857,0,7,1,1,2,6,2022,1,0,0,0,1,0,0,0,0,1,0,0,0
158,53,5,16250,1,1,-80.603956,28.608058,0,13,1,1,4,6,2022,0,1,0,0,1,0,0,0,0,1,0,0,0
159,59,11,4000,1,1,-120.610829,34.632093,0,3,1,1,5,6,2022,0,0,1,0,1,0,0,0,0,1,0,0,0
160,54,5,700,1,1,-80.577366,28.561857,0,9,1,1,6,6,2022,1,0,0,0,1,0,0,0,0,1,0,0,0
161,60,2,3500,1,1,-80.577366,28.561857,0,2,1,1,2,6,2022,1,0,0,0,1,0,0,0,0,1,0,0,0
162,51,5,16250,1,1,-80.577366,28.561857,0,13,1,1,3,7,2022,1,0,0,0,1,0,0,0,0,1,0,0,0
163,56,11,14100,1,1,-120.610829,34.632093,0,6,1,1,0,7,2022,0,0,1,0,1,0,0,0,0,1,0,0,0
164,57,5,2668,1,1,-80.603956,28.608058,0,5,1,1,4,7,2022,0,1,0,0,1,0,0,0,0,1,0,0,0
165,47,5,16250,1,1,-80.577366,28.561857,0,13,1,1,6,7,2022,1,0,0,0,1,0,0,0,0,1,0,0,0
166,59,11,14100,1,1,-120.610829,34.632093,0,4,1,1,4,7,2022,0,0,1,0,1,0,0,0,0,1,0,0,0
167,55,5,16250,1,1,-80.603956,28.608058,0,8,1,1,6,7,2022,0,1,0,0,1,0,0,0,0,1,0,0,0
168,48,0,679,1,1,-80.577366,28.561857,0,6,1,1,3,8,2022,1,0,0,0,1,0,0,0,0,1,0,0,0
169,60,5,16000,1,1,-80.603956,28.608058,0,3,1,1,2,8,2022,0,1,0,0,1,0,0,0,0,1,0,0,0
170,54,11,14100,1,1,-120.610829,34.632093,0,10,1,1,4,8,2022,0,0,1,0,1,0,0,0,0,1,0,0,0
171,55,5,16250,1,1,-80.577366,28.561857,0,9,1,1,4,8,2022,1,0,0,0,1,0,0,0,0,1,0,0,0
172,58,5,16700,1,1,-80.577366,28.561857,0,2,1,1,6,8,2022,1,0,0,0,1,0,0,0,0,1,0,0,0
173,56,11,14200,1,1,-120.610829,34.632093,0,7,1,1,2,8,2022,0,0,1,0,1,0,0,0,0,1,0,0,0
174,48,5,16000,1,1,-80.577366,28.561857,0,7,1,1,0,9,2022,1,0,0,0,1,0,0,0,0,1,0,0,0
175,51,5,11938,1,1,-80.603956,28.608058,0,14,1,1,6,9,2022,0,1,0,0,1,0,0,0,0,1,0,0,0
176,57,5,16700,1,1,-80.577366,28.561857,0,6,1,1,0,9,2022,1,0,0,0,1,0,0,0,0,1,0,0,0
177,60,5,16100,1,1,-80.577366,28.561857,0,4,1,1,5,9,2022,1,0,0,0,1,0,0,0,0,1,0,0,0
178,63,5,13000,1,1,-80.603956,28.608058,0,1,1,1,2,10,2022,0,1,0,0,1,0,0,0,0,1,0,0,0
179,59,5,16100,1,1,-120.610829,34.632093,0,5,1,1,2,10,2022,0,0,1,0,1,0,0,0,0,1,0,0,0
180,53,2,7350,1,1,-80.577366,28.561857,0,14,1,1,5,10,2022,1,0,0,0,1,0,0,0,0,1,0,0,0
181,58,2,4500,1,1,-80.577366,28.561857,0,3,1,1,5,10,2022,1,0,0,0,1,0,0,0,0,1,0,0,0
182,55,5,16700,1,1,-80.577366,28.561857,0,10,1,1,3,10,2022,1,0,0,0,1,0,0,0,0,1,0,0,0
183,56,5,16400,1,1,-120.610829,34.632093,0,8,1,1,4,10,2022,0,0,1,0,1,0,0,0,0,1,0,0,0
184,57,2,4500,1,1,-80.577366,28.561857,0,7,1,1,3,11,2022,1,0,0,0,1,0,0,0,0,1,0,0,0
185,47,2,6600,1,0,-80.577366,28.561857,0,14,0,0,5,11,2022,1,0,0,0,1,0,0,0,0,1,0,0,0
186,45,2,5500,1,0,-80.577366,28.561857,0,11,0,0,2,11,2022,1,0,0,0,1,0,0,0,0,1,0,0,0
187,62,5,3528,1,1,-80.603956,28.608058,0,1,1,1,5,11,2022,0,1,0,0,1,0,0,0,0,1,0,0,0
188,58,8,6000,1,1,-80.603956,28.608058,0,4,1,1,3,12,2022,0,1,0,0,1,0,0,0,0,1,0,0,0
189,60,1,1000,1,1,-80.577366,28.561857,0,5,1,1,6,12,2022,1,0,0,0,1,0,0,0,0,1,0,0,0
190,59,5,2200,1,1,-120.610829,34.632093,0,6,1,1,4,12,2022,0,0,1,0,1,0,0,0,0,1,0,0,0
191,57,6,4100,1,1,-80.577366,28.561857,0,8,1,1,4,12,2022,1,0,0,0,1,0,0,0,0,1,0,0,0
192,51,5,16700,1,1,-80.603956,28.608058,0,15,1,1,5,12,2022,0,1,0,0,1,0,0,0,0,1,0,0,0
193,55,5,16700,1,1,-80.577366,28.561857,0,11,1,1,2,12,2022,1,0,0,0,1,0,0,0,0,1,0,0,0
194,54,10,400,1,1,-120.610829,34.632093,0,11,1,1,4,12,2022,0,0,1,0,1,0,0,0,0,1,0,0,0
196,62,8,6000,1,1,-80.577366,28.561857,0,2,1,1,1,1,2023,1,0,0,0,1,0,0,0,0,1,0,0,0
197,63,6,4352,1,1,-80.577366,28.561857,0,2,1,1,2,1,2023,1,0,0,0,1,0,0,0,0,1,0,0,0
198,61,5,15000,1,1,-120.610829,34.632093,0,1,1,1,3,1,2023,0,0,1,0,1,0,0,0,0,1,0,0,0
199,57,5,17400,1,1,-80.577366,28.561857,0,9,1,1,3,1,2023,1,0,0,0,1,0,0,0,0,1,0,0,0
200,59,5,15200,1,1,-120.610829,34.632093,0,7,1,1,1,1,2023,0,0,1,0,1,0,0,0,0,1,0,0,0
201,58,5,16500,1,1,-80.603956,28.608058,0,5,1,1,3,2,2023,0,1,0,0,1,0,0,0,0,1,0,0,0
202,60,2,4146,1,1,-80.577366,28.561857,0,6,1,1,1,2,2023,1,0,0,0,1,0,0,0,0,1,0,0,0
203,55,5,17100,1,1,-80.577366,28.561857,0,12,1,1,6,2,2023,1,0,0,0,1,0,0,0,0,1,0,0,0
204,56,5,15900,1,1,-120.610829,34.632093,0,9,1,1,4,2,2023,0,0,1,0,1,0,0,0,0,1,0,0,0
205,63,2,5470,1,1,-80.577366,28.561857,0,3,1,1,5,2,2023,1,0,0,0,1,0,0,0,0,1,0,0,0
206,62,5,15300,1,1,-80.577366,28.561857,0,3,1,1,0,2,2023,1,0,0,0,1,0,0,0,0,1,0,0,0
207,64,5,13000,1,1,-80.603956,28.608058,0,1,1,1,3,3,2023,0,1,0,0,1,0,0,0,0,1,0,0,0
208,54,5,15900,1,1,-120.610829,34.632093,0,12,1,1,4,3,2023,0,0,1,0,1,0,0,0,0,1,0,0,0
209,55,5,6000,1,1,-80.577366,28.561857,0,13,1,1,3,3,2023,1,0,0,0,1,0,0,0,0,1,0,0,0
210,60,5,2852,1,1,-80.603956,28.608058,0,7,1,1,2,3,2023,0,1,0,0,1,0,0,0,0,1,0,0,0
211,59,5,16200,1,1,-120.610829,34.632093,0,8,1,1,4,3,2023,0,0,1,0,1,0,0,0,0,1,0,0,0
212,58,2,7000,1,1,-80.577366,28.561857,0,6,1,1,4,3,2023,1,0,0,0,1,0,0,0,0,1,0,0,0
213,57,5,17400,1,1,-80.577366,28.561857,0,10,1,1,4,3,2023,1,0,0,0,1,0,0,0,0,1,0,0,0
214,63,5,17400,1,1,-80.577366,28.561857,0,4,1,1,2,3,2023,1,0,0,0,1,0,0,0,0,1,0,0,0
216,62,2,5588,1,1,-80.577366,28.561857,0,4,1,1,4,4,2023,1,0,0,0,1,0,0,0,0,1,0,0,0
218,60,5,15300,1,1,-80.577366,28.561857,0,8,1,1,2,4,2023,1,0,0,0,1,0,0,0,0,1,0,0,0
219,54,11,14100,1,1,-120.610829,34.632093,0,13,1,1,3,4,2023,0,0,1,0,1,0,0,0,0,1,0,0,0
220,64,6,4100,1,1,-80.577366,28.561857,0,2,1,1,4,4,2023,1,0,0,0,1,0,0,0,0,1,0,0,0
221,58,5,17400,1,1,-80.577366,28.561857,0,7,1,1,3,5,2023,1,0,0,0,1,0,0,0,0,1,0,0,0
222,61,5,15900,1,1,-120.610829,34.632093,0,3,1,1,2,5,2023,0,0,1,0,1,0,0,0,0,1,0,0,0
223,57,5,17400,1,1,-80.577366,28.561857,0,11,1,1,6,5,2023,1,0,0,0,1,0,0,0,0,1,0,0,0
224,62,5,16100,1,1,-80.577366,28.561857,0,5,1,1,4,5,2023,1,0,0,0,1,0,0,0,0,1,0,0,0
225,56,8,6600,1,1,-120.610829,34.632093,0,11,1,1,5,5,2023,0,0,1,0,1,0,0,0,0,1,0,0,0
226,65,5,13000,1,1,-80.603956,28.608058,0,1,1,1,6,5,2023,0,1,0,0,1,0,0,0,0,1,0,0,0
227,55,2,4500,1,1,-80.577366,28.561857,0,14,1,1,5,5,2023,1,0,0,0,1,0,0,0,0,1,0,0,0
228,54,5,16400,1,1,-120.610829,34.632093,0,14,1,1,2,5,2023,0,0,1,0,1,0,0,0,0,1,0,0,0
229,64,5,16100,1,1,-80.577366,28.561857,0,3,1,1,6,6,2023,1,0,0,0,1,0,0,0,0,1,0,0,0
230,63,5,3304,1,1,-80.603956,28.608058,0,5,1,1,0,6,2023,0,1,0,0,1,0,0,0,0,1,0,0,0
231,60,5,16400,1,1,-80.577366,28.561857,0,9,1,1,0,6,2023,1,0,0,0,1,0,0,0,0,1,0,0,0
233,57,2,4580,1,1,-80.577366,28.561857,0,12,1,1,6,6,2023,1,0,0,0,1,0,0,0,0,1,0,0,0
234,61,5,14500,1,1,-120.610829,34.632093,0,4,1,1,3,6,2023,0,0,1,0,1,0,0,0,0,1,0,0,0
235,58,5,17400,1,1,-80.577366,28.561857,0,8,1,1,4,6,2023,1,0,0,0,1,0,0,0,0,1,0,0,0
236,65,14,2160,1,1,-80.577366,28.561857,0,2,1,1,5,7,2023,1,0,0,0,1,0,0,0,0,1,0,0,0
237,56,5,14900,1,1,-120.610829,34.632093,0,12,1,1,4,7,2023,0,0,1,0,1,0,0,0,0,1,0,0,0
238,51,5,16100,1,1,-80.577366,28.561857,0,16,1,1,0,7,2023,1,0,0,0,1,0,0,0,0,1,0,0,0
239,53,5,16700,1,1,-80.577366,28.561857,0,16,1,1,6,7,2023,1,0,0,0,1,0,0,0,0,1,0,0,0
240,59,5,12000,1,1,-120.610829,34.632093,0,10,1,1,3,7,2023,0,0,1,0,1,0,0,0,0,1,0,0,0
241,62,5,16100,1,1,-80.577366,28.561857,0,6,1,1,0,7,2023,1,0,0,0,1,0,0,0,0,1,0,0,0
242,55,5,16100,1,1,-80.577366,28.561857,0,15,1,1,4,7,2023,1,0,0,0,1,0,0,0,0,1,0,0,0
243,63,2,5063,1,1,-80.577366,28.561857,0,6,1,1,3,8,2023,1,0,0,0,1,0,0,0,0,1,0,0,0
244,64,5,16100,1,1,-80.577366,28.561857,0,4,1,1,0,8,2023,1,0,0,0,1,0,0,0,0,1,0,0,0
245,61,5,12000,1,1,-120.610829,34.632093,0,5,1,1,1,8,2023,0,0,1,0,1,0,0,0,0,1,0,0,0
246,58,5,16100,1,1,-80.577366,28.561857,0,9,1,1,4,8,2023,1,0,0,0,1,0,0,0,0,1,0,0,0
247,57,5,16100,1,1,-80.577366,28.561857,0,13,1,1,3,8,2023,1,0,0,0,1,0,0,0,0,1,0,0,0
248,54,5,15300,1,1,-120.610829,34.632093,0,15,1,1,1,8,2023,0,0,1,0,1,0,0,0,0,1,0,0,0
249,66,5,13000,1,1,-80.603956,28.608058,0,1,1,1,5,8,2023,0,1,0,0,1,0,0,0,0,1,0,0,0
250,65,5,16100,1,1,-80.577366,28.561857,0,3,1,1,6,8,2023,1,0,0,0,1,0,0,0,0,1,0,0,0
251,63,5,16100,1,1,-80.577366,28.561857,0,7,1,1,4,9,2023,1,0,0,0,1,0,0,0,0,1,0,0,0
253,60,5,15300,1,1,-80.603956,28.608058,0,10,1,1,0,9,2023,0,1,0,0,1,0,0,0,0,1,0,0,0
254,62,5,16100,1,1,-80.577366,28.561857,0,7,1,1,5,9,2023,1,0,0,0,1,0,0,0,0,1,0,0,0
255,59,5,15300,1,1,-120.610829,34.632093,0,11,1,1,1,9,2023,0,0,1,0,1,0,0,0,0,1,0,0,0
256,64,5,16100,1,1,-80.577366,28.561857,0,5,1,1,5,9,2023,1,0,0,0,1,0,0,0,0,1,0,0,0
257,51,5,16100,1,1,-80.577366,28.561857,0,17,1,1,2,9,2023,1,0,0,0,1,0,0,0,0,1,0,0,0
258,53,5,16100,1,1,-80.577366,28.561857,0,17,1,1,6,9,2023,1,0,0,0,1,0,0,0,0,1,0,0,0
259,61,5,15300,1,1,-120.610829,34.632093,0,6,1,1,0,9,2023,0,0,1,0,1,0,0,0,0,1,0,0,0
260,58,5,16100,1,1,-80.577366,28.561857,0,10,1,1,5,9,2023,1,0,0,0,1,0,0,0,0,1,0,0,0
261,62,5,16100,1,1,-80.577366,28.561857,0,8,1,1,3,10,2023,1,0,0,0,1,0,0,0,0,1,0,0,0
262,56,5,15300,1,1,-120.610829,34.632093,0,14,1,1,0,10,2023,0,0,1,0,1,0,0,0,0,1,0,0,0
263,57,5,16100,1,1,-80.577366,28.561857,0,14,1,1,4,10,2023,1,0,0,0,1,0,0,0,0,1,0,0,0
264,55,5,16100,1,1,-80.577366,28.561857,0,16,1,1,2,10,2023,1,0,0,0,1,0,0,0,0,1,0,0,0
265,54,5,15300,1,1,-120.610829,34.632093,0,16,1,1,5,10,2023,0,0,1,0,1,0,0,0,0,1,0,0,0
266,65,5,16800,1,1,-80.577366,28.561857,0,4,1,1,6,10,2023,1,0,0,0,1,0,0,0,0,1,0,0,0
267,61,5,16100,1,1,-120.610829,34.632093,0,7,1,1,6,10,2023,0,0,1,0,1,0,0,0,0,1,0,0,0
268,63,5,16800,1,1,-80.577366,28.561857,0,8,1,1,0,10,2023,1,0,0,0,1,0,0,0,0,1,0,0,0
269,51,5,16800,1,1,-80.577366,28.561857,0,18,1,1,5,11,2023,1,0,0,0,1,0,0,0,0,1,0,0,0
270,60,5,16800,1,1,-80.577366,28.561857,0,11,1,1,2,11,2023,1,0,0,0,1,0,0,0,0,1,0,0,0
271,66,5,9525,1,1,-80.603956,28.608058,0,2,1,1,4,11,2023,0,1,0,0,1,0,0,0,0,1,0,0,0
273,62,6,4100,1,1,-80.577366,28.561857,0,9,1,1,6,11,2023,1,0,0,0,1,0,0,0,0,1,0,0,0
274,58,5,16800,1,1,-80.577366,28.561857,0,11,1,1,5,11,2023,1,0,0,0,1,0,0,0,0,1,0,0,0
275,56,5,16100,1,1,-120.610829,34.632093,0,15,1,1,0,11,2023,0,0,1,0,1,0,0,0,0,1,0,0,0
276,57,5,16800,1,1,-80.577366,28.561857,0,15,1,1,2,11,2023,1,0,0,0,1,0,0,0,0,1,0,0,0
277,55,5,16800,1,1,-80.577366,28.561857,0,17,1,1,1,11,2023,1,0,0,0,1,0,0,0,0,1,0,0,0
278,54,11,800,1,1,-120.610829,34.632093,0,17,1,1,4,12,2023,0,0,1,0,1,0,0,0,0,1,0,0,0
279,64,5,16800,1,1,-80.577366,28.561857,0,6,1,1,6,12,2023,1,0,0,0,1,0,0,0,0,1,0,0,0
280,63,5,16800,1,1,-80.577366,28.561857,0,9,1,1,3,12,2023,1,0,0,0,1,0,0,0,0,1,0,0,0
281,59,5,16100,1,1,-120.610829,34.632093,0,13,1,1,4,12,2023,0,0,1,0,1,0,0,0,0,1,0,0,0
282,66,5,16800,1,1,-80.577366,28.561857,0,3,1,1,1,12,2023,1,0,0,0,1,0,0,0,0,1,0,0,0
283,51,5,16800,1,0,-80.577366,28.561857,0,19,1,1,5,12,2023,1,0,0,0,1,0,0,0,0,1,0,0,0
284,61,11,3600,1,1,-120.610829,34.632093,0,8,1,1,6,12,2023,0,0,1,0,1,0,0,0,0,1,0,0,0
285,58,5,16800,1,1,-80.577366,28.561857,0,12,1,1,4,12,2023,1,0,0,0,1,0,0,0,0,1,0,0,0
286,67,5,16800,1,1,-120.610829,34.632093,0,1,1,1,2,1,2024,0,0,1,0,1,0,0,0,0,1,0,0,0
287,62,2,1800,1,1,-80.577366,28.561857,0,10,1,1,2,1,2024,1,0,0,0,1,0,0,0,0,1,0,0,0
288,57,5,17100,1,1,-80.577366,28.561857,0,16,1,1,6,1,2024,1,0,0,0,1,0,0,0,0,1,0,0,0
289,54,5,16700,1,1,-120.610829,34.632093,0,18,1,1,6,1,2024,0,0,1,0,1,0,0,0,0,1,0,0,0
290,60,5,17100,1,1,-80.577366,28.561857,0,12,1,1,0,1,2024,1,0,0,0,1,0,0,0,0,1,0,0,0
291,65,5,13000,1,1,-80.603956,28.608058,0,5,1,1,3,1,2024,0,1,0,0,1,0,0,0,0,1,0,0,0
292,56,5,16700,1,1,-120.610829,34.632093,0,16,1,1,2,1,2024,0,0,1,0,1,0,0,0,0,1,0,0,0
293,55,5,17100,1,1,-80.603956,28.608058,0,18,1,1,0,1,2024,0,1,0,0,1,0,0,0,0,1,0,0,0
294,61,5,16700,1,1,-120.610829,34.632093,0,9,1,1,0,1,2024,0,0,1,0,1,0,0,0,0,1,0,0,0
295,63,5,3726,1,1,-80.577366,28.561857,0,10,1,1,1,1,2024,1,0,0,0,1,0,0,0,0,1,0,0,0
296,66,11,1694,1,1,-80.577366,28.561857,0,4,1,1,3,2,2024,1,0,0,0,1,0,0,0,0,1,0,0,0
297,59,5,16700,1,1,-120.610829,34.632093,0,14,1,1,5,2,2024,0,0,1,0,1,0,0,0,0,1,0,0,0
299,53,15,1931,1,1,-80.603956,28.608058,0,18,1,1,3,2,2024,0,1,0,0,1,0,0,0,0,1,0,0,0
300,67,5,16700,1,1,-120.610829,34.632093,0,2,1,1,3,2,2024,0,0,1,0,1,0,0,0,0,1,0,0,0
301,57,2,4000,1,1,-80.577366,28.561857,0,17,1,1,1,2,2024,1,0,0,0,1,0,0,0,0,1,0,0,0
302,54,5,16700,1,1,-120.610829,34.632093,0,19,1,1,4,2,2024,0,0,1,0,1,0,0,0,0,1,0,0,0
303,58,5,17500,1,1,-80.577366,28.561857,0,13,1,1,6,2,2024,1,0,0,0,1,0,0,0,0,1,0,0,0
304,62,5,17100,1,1,-80.577366,28.561857,0,11,1,1,3,2,2024,1,0,0,0,1,0,0,0,0,1,0,0,0
305,68,5,13000,1,1,-80.603956,28.608058,0,1,1,1,0,3,2024,0,1,0,0,1,0,0,0,0,1,0,0,0
307,60,5,17100,1,1,-80.577366,28.561857,0,13,1,1,0,3,2024,1,0,0,0,1,0,0,0,0,1,0,0,0
308,63,5,17100,1,1,-80.577366,28.561857,0,11,1,1,6,3,2024,1,0,0,0,1,0,0,0,0,1,0,0,0
309,56,5,17100,1,1,-120.610829,34.632093,0,17,1,1,0,3,2024,0,0,1,0,1,0,0,0,0,1,0,0,0
310,55,5,17100,1,1,-80.603956,28.608058,0,19,1,1,5,3,2024,0,1,0,0,1,0,0,0,0,1,0,0,0
311,61,5,16100,1,1,-120.610829,34.632093,0,10,1,1,1,3,2024,0,0,1,0,1,0,0,0,0,1,0,0,0
312,65,5,2721,1,1,-80.577366,28.561857,0,6,1,1,3,3,2024,1,0,0,0,1,0,0,0,0,1,0,0,0
313,53,5,17100,1,1,-80.603956,28.608058,0,19,1,1,6,3,2024,0,1,0,0,1,0,0,0,0,1,0,0,0
314,64,5,17100,1,1,-80.577366,28.561857,0,8,1,1,0,3,2024,1,0,0,0,1,0,0,0,0,1,0,0,0
315,62,2,5000,1,1,-80.603956,28.608058,0,12,1,1,5,3,2024,0,1,0,0,1,0,0,0,0,1,0,0,0
316,57,5,17100,1,1,-80.577366,28.561857,0,18,1,1,6,3,2024,1,0,0,0,1,0,0,0,0,1,0,0,0
317,59,5,16700,1,1,-120.610829,34.632093,0,15,1,1,1,4,2024,0,0,1,0,1,0,0,0,0,1,0,0,0
318,58,5,17100,1,1,-80.577366,28.561857,0,14,1,1,4,4,2024,1,0,0,0,1,0,0,0,0,1,0,0,0
319,66,5,16800,1,1,-120.610829,34.632093,0,6,1,1,6,4,2024,0,0,1,0,1,0,0,0,0,1,0,0,0
321,68,5,17100,1,1,-80.577366,28.561857,0,2,1,1,2,4,2024,1,0,0,0,1,0,0,0,0,1,0,0,0
322,67,11,1200,1,1,-120.610829,34.632093,0,3,1,1,3,4,2024,0,0,1,0,1,0,0,0,0,1,0,0,0
323,55,5,17100,1,1,-80.577366,28.561857,0,20,1,1,5,4,2024,1,0,0,0,1,0,0,0,0,1,0,0,0
324,63,5,17100,1,1,-80.603956,28.608058,0,12,1,1,2,4,2024,0,1,0,0,1,0,0,0,0,1,0,0,0
325,65,5,17100,1,1,-80.577366,28.561857,0,7,1,1,3,4,2024,1,0,0,0,1,0,0,0,0,1,0,0,0
326,64,5,17100,1,1,-80.577366,28.561857,0,9,1,1,1,4,2024,1,0,0,0,1,0,0,0,0,1,0,0,0
327,53,6,1600,1,0,-80.603956,28.608058,0,20,1,1,6,4,2024,0,1,0,0,1,0,0,0,0,1,0,0,0
328,62,5,17100,1,1,-80.577366,28.561857,0,13,1,1,6,4,2024,1,0,0,0,1,0,0,0,0,1,0,0,0
329,54,11,1500,1,1,-120.610829,34.632093,0,20,1,1,3,5,2024,0,0,1,0,1,0,0,0,0,1,0,0,0
330,57,5,17100,1,1,-80.577366,28.561857,0,19,1,1,4,5,2024,1,0,0,0,1,0,0,0,0,1,0,0,0
331,58,5,17100,1,1,-80.577366,28.561857,0,15,1,1,0,5,2024,1,0,0,0,1,0,0,0,0,1,0,0,0
332,68,5,17100,1,1,-80.603956,28.608058,0,3,1,1,2,5,2024,0,1,0,0,1,0,0,0,0,1,0,0,0
333,67,5,16300,1,1,-120.610829,34.632093,0,4,1,1,4,5,2024,0,0,1,0,1,0,0,0,0,1,0,0,0
334,60,5,17100,1,1,-80.577366,28.561857,0,15,1,1,0,5,2024,1,0,0,0,1,0,0,0,0,1,0,0,0
335,56,5,16300,1,1,-120.610829,34.632093,0,18,1,1,1,5,2024,0,0,1,0,1,0,0,0,0,1,0,0,0
336,55,5,17100,1,1,-80.577366,28.561857,0,21,1,1,5,5,2024,1,0,0,0,1,0,0,0,0,1,0,0,0
338,65,5,17100,1,1,-80.577366,28.561857,0,8,1,1,3,5,2024,1,0,0,0,1,0,0,0,0,1,0,0,0
339,63,5,17100,1,1,-80.603956,28.608058,0,13,1,1,4,5,2024,0,1,0,0,1,0,0,0,0,1,0,0,0
340,64,5,17100,1,1,-80.577366,28.561857,0,10,1,1,1,5,2024,1,0,0,0,1,0,0,0,0,1,0,0,0
341,66,11,2350,1,1,-120.610829,34.632093,0,7,1,1,1,5,2024,0,0,1,0,1,0,0,0,0,1,0,0,0
342,62,5,17100,1,1,-80.577366,28.561857,0,14,1,1,5,6,2024,1,0,0,0,1,0,0,0,0,1,0,0,0
343,57,5,16300,1,1,-80.577366,28.561857,0,20,1,1,2,6,2024,1,0,0,0,1,0,0,0,0,1,0,0,0
344,58,5,16700,1,1,-80.577366,28.561857,0,16,1,1,5,6,2024,1,0,0,0,1,0,0,0,0,1,0,0,0
345,54,5,16300,1,1,-120.610829,34.632093,0,21,1,1,5,6,2024,0,0,1,0,1,0,0,0,0,1,0,0,0
346,67,5,16300,1,1,-120.610829,34.632093,0,5,1,1,2,6,2024,0,0,1,0,1,0,0,0,0,1,0,0,0
347,65,2,5000,1,1,-80.577366,28.561857,0,9,1,1,3,6,2024,1,0,0,0,1,0,0,0,0,1,0,0,0
348,64,5,16700,1,1,-80.577366,28.561857,0,11,1,1,6,6,2024,1,0,0,0,1,0,0,0,0,1,0,0,0
349,61,5,16300,1,1,-120.610829,34.632093,0,11,1,1,0,6,2024,0,0,1,0,1,0,0,0,0,1,0,0,0
350,55,5,17100,1,1,-80.577366,28.561857,0,22,1,1,3,6,2024,1,0,0,0,1,0,0,0,0,1,0,0,0
352,60,5,16300,1,1,-80.577366,28.561857,0,16,1,1,2,7,2024,1,0,0,0,1,0,0,0,0,1,0,0,0
353,62,2,4250,1,1,-80.577366,28.561857,0,15,1,1,0,7,2024,1,0,0,0,1,0,0,0,0,1,0,0,0
354,56,5,16300,0,1,-120.610829,34.632093,0,19,1,1,4,7,2024,0,0,1,0,1,0,0,0,0,1,0,0,0
355,58,5,17100,1,1,-80.603956,28.608058,0,17,1,1,5,7,2024,0,1,0,0,1,0,0,0,0,1,0,0,0
356,63,5,17100,1,1,-80.577366,28.561857,0,14,1,1,6,7,2024,1,0,0,0,1,0,0,0,0,1,0,0,0
357,59,5,16500,1,1,-120.610829,34.632093,0,17,1,1,6,7,2024,0,0,1,0,1,0,0,0,0,1,0,0,0
358,64,5,17100,1,1,-80.603956,28.608058,0,12,1,1,4,8,2024,0,1,0,0,1,0,0,0,0,1,0,0,0
359,67,5,17100,1,1,-120.610829,34.632093,0,6,1,1,6,8,2024,0,0,1,0,1,0,0,0,0,1,0,0,0
360,65,5,3857,1,1,-80.577366,28.561857,0,10,1,1,6,8,2024,1,0,0,0,1,0,0,0,0,1,0,0,0
361,57,5,16500,1,1,-80.577366,28.561857,0,21,1,1,5,8,2024,1,0,0,0,1,0,0,0,0,1,0,0,0
362,54,7,7230,1,1,-120.610829,34.632093,0,22,1,1,0,8,2024,0,0,1,0,1,0,0,0,0,1,0,0,0
363,60,5,17100,1,1,-80.603956,28.608058,0,17,1,1,0,8,2024,0,1,0,0,1,0,0,0,0,1,0,0,0
364,62,5,1500,1,1,-80.577366,28.561857,0,16,1,1,3,8,2024,1,0,0,0,1,0,0,0,0,1,0,0,0
366,69,5,16700,1,1,-120.610829,34.632093,0,1,1,1,1,8,2024,0,0,1,0,1,0,0,0,0,1,0,0,0
367,55,5,16700,1,0,-80.577366,28.561857,0,23,1,1,2,8,2024,1,0,0,0,1,0,0,0,0,1,0,0,0
368,58,5,16700,1,1,-80.577366,28.561857,0,18,1,1,5,8,2024,1,0,0,0,1,0,0,0,0,1,0,0,0
369,66,5,16700,1,1,-120.610829,34.632093,0,9,1,1,5,8,2024,0,0,1,0,1,0,0,0,0,1,0,0,0
370,63,5,16700,1,1,-120.610829,34.632093,0,15,1,1,3,9,2024,0,0,1,0,1,0,0,0,0,1,0,0,0
372,68,5,13000,1,1,-80.603956,28.608058,0,4,1,1,1,9,2024,0,1,0,0,1,0,0,0,0,1,0,0,0
373,64,5,7500,1,1,-80.577366,28.561857,0,13,1,1,3,9,2024,1,0,0,0,1,0,0,0,0,1,0,0,0
374,59,5,16700,1,1,-120.610829,34.632093,0,18,1,1,4,9,2024,0,0,1,0,1,0,0,0,0,1,0,0,0
375,57,6,1600,1,1,-120.610829,34.632093,0,22,1,1,1,9,2024,0,0,1,0,1,0,0,0,0,1,0,0,0
376,61,5,16300,1,1,-120.610829,34.632093,0,13,1,1,4,9,2024,0,0,1,0,1,0,0,0,0,1,0,0,0
377,66,5,16300,1,1,-120.610829,34.632093,0,10,1,1,2,9,2024,0,0,1,0,1,0,0,0,0,1,0,0,0
378,69,5,13000,1,1,-120.610829,34.632093,0,2,1,1,5,9,2024,0,0,1,0,1,0,0,0,0,1,0,0,0
379,54,4,1108,1,0,-80.577366,28.561857,0,23,1,1,0,10,2024,1,0,0,0,1,0,0,0,0,1,0,0,0
380,65,5,17100,1,1,-80.577366,28.561857,0,11,1,1,1,10,2024,1,0,0,0,1,0,0,0,0,1,0,0,0
381,59,5,16300,1,1,-120.610829,34.632093,0,19,1,1,1,10,2024,0,0,1,0,1,0,0,0,0,1,0,0,0
382,62,5,16300,1,1,-80.577366,28.561857,0,17,1,1,4,10,2024,1,0,0,0,1,0,0,0,0,1,0,0,0
383,67,8,2954,1,1,-120.610829,34.632093,0,7,1,1,6,10,2024,0,0,1,0,1,0,0,0,0,1,0,0,0
384,60,5,17100,1,1,-80.577366,28.561857,0,18,1,1,2,10,2024,1,0,0,0,1,0,0,0,0,1,0,0,0
386,58,5,16700,1,1,-80.577366,28.561857,0,19,1,1,5,10,2024,1,0,0,0,1,0,0,0,0,1,0,0,0
387,61,5,16300,1,1,-120.610829,34.632093,0,14,1,1,2,10,2024,0,0,1,0,1,0,0,0,0,1,0,0,0
388,64,5,17100,1,1,-80.577366,28.561857,0,14,1,1,2,10,2024,1,0,0,0,1,0,0,0,0,1,0,0,0
389,68,5,2762,1,1,-80.603956,28.608058,0,5,1,1,1,11,2024,0,1,0,0,1,0,0,0,0,1,0,0,0
390,69,5,17100,1,1,-80.577366,28.561857,0,3,1,1,3,11,2024,1,0,0,0,1,0,0,0,0,1,0,0,0
391,66,5,16300,1,1,-120.610829,34.632093,0,11,1,1,5,11,2024,0,0,1,0,1,0,0,0,0,1,0,0,0
